Sentence 1,Chinese,I,What,a,because,couldn't,he,isn't,mother,my,shocking:,shouted,tongue.,understand,was,word,perhaps,????????!,????,,
Sentence 2,-,I,Mr.,Young,around,furious.,he,just,marching,standing,there,was,was,watching,
Sentence 3,I,Little,Why,about,anger,at,did,directing,he,his,know,me?,that.,was,
Sentence 4,Baltic,Markets,Nordea,Nordic,Sea,and,and,banking,capital,in,international,investment,is,leading,markets,operator,partner,regions.,the,the,
Sentence 5,,,We,are,connecting,door,global,located,markets.,next,the,to,to,you,you,
Sentence 6,We,a,and,combine,complete,expertise,financial,global,local,of,portfolio,provide,services,solutions.,strength,to,with,with,you,
Sentence 7,Nordics,We,and,currencies.,diversified,have,in,in,liquidity,local,most,of,offer,one,outstanding,product,ranges,strongest,,the,the,
Sentence 8,,in,But,access,all,an,best,capital,dedicated,experts,facets,in,manner.,markets,,more,of,of,offer,possible,serving,significantly,,team,the,to,to,unequalled,we,you,you,
Sentence 9,At,Markets,Nordea,a,a,and,and,combination,customer,,expertise,financial,for,gives,global,have,local,of,of,opportunity,our,rare,services,solutions.,strength,the,to,us,use,variety,we,which,wide,you,,
Sentence 10,(and,-,In,Nordics,,a,a,all,and,as,as,can,currencies,diversified,excellent,fact,finding,give,hard,have,in,in,liquidity,local,of,ours,product,range,strong,the,time,too).,we,you,you’d,
Sentence 11,But,a,be.,challenge,financial,have,huge,importantly,,matter,might,most,no,of,outstanding,ready,serve,specialists,team,to,we,what,you,,your,
